Workbook

Sheet Tesorio Tasks Report
A1: TESORIO TASKS REPORT — Aug - 26
A4: Aug - 26 SUMMARY | D4: RESOLUTION TIME BY MONTH (last 3 months)
A5: Created in month | B5: =COUNTIF('Data (calc)'!$I$2:$I$169,"2026-08") | D5: Month | E5: # Created | F5: Completed | G5: Avg. hours | H5: Avg. days | I5: % same day
A6: Completed (DONE) | B6: =COUNTIFS('Data (calc)'!$I$2:$I$169,"2026-08",'Data (calc)'!$G$2:$G$169,">=0") | D6: Jun - 26 | E6: =COUNTIF('Data (calc)'!$I$2:$I$169,"2026-06") | F6: =COUNTIFS('Data (calc)'!$I$2:$I$169,"2026-06",'Data (calc)'!$G$2:$G$169,">=0") | G6: =IFERROR(ROUND(AVERAGEIF('Data (calc)'!$I$2:$I$169,"2026-06",'Data (calc)'!$G$2:$G$169),1),0) | H6: =IFERROR(ROUND(AVERAGEIF('Data (calc)'!$I$2:$I$169,"2026-06",'Data (calc)'!$H$2:$H$169),1),0) | I6: =IFERROR(COUNTIFS('Data (calc)'!$I$2:$I$169,"2026-06",'Data (calc)'!$G$2:$G$169,"<24")/COUNTIFS('Data (calc)'!$I$2:$I$169,"2026-06",'Data (calc)'!$G$2:$G$169,">=0"),0)
A7: Avg. resolution (days) | B7: =IFERROR(ROUND(AVERAGEIF('Data (calc)'!$I$2:$I$169,"2026-08",'Data (calc)'!$H$2:$H$169),1),0) | D7: Jul - 26 | E7: =COUNTIF('Data (calc)'!$I$2:$I$169,"2026-07") | F7: =COUNTIFS('Data (calc)'!$I$2:$I$169,"2026-07",'Data (calc)'!$G$2:$G$169,">=0") | G7: =IFERROR(ROUND(AVERAGEIF('Data (calc)'!$I$2:$I$169,"2026-07",'Data (calc)'!$G$2:$G$169),1),0) | H7: =IFERROR(ROUND(AVERAGEIF('Data (calc)'!$I$2:$I$169,"2026-07",'Data (calc)'!$H$2:$H$169),1),0) | I7: =IFERROR(COUNTIFS('Data (calc)'!$I$2:$I$169,"2026-07",'Data (calc)'!$G$2:$G$169,"<24")/COUNTIFS('Data (calc)'!$I$2:$I$169,"2026-07",'Data (calc)'!$G$2:$G$169,">=0"),0)
A8: % same day | B8: =IFERROR(COUNTIFS('Data (calc)'!$I$2:$I$169,"2026-08",'Data (calc)'!$G$2:$G$169,"<24")/COUNTIFS('Data (calc)'!$I$2:$I$169,"2026-08",'Data (calc)'!$G$2:$G$169,">=0"),0) | D8: Aug - 26 | E8: =COUNTIF('Data (calc)'!$I$2:$I$169,"2026-08") | F8: =COUNTIFS('Data (calc)'!$I$2:$I$169,"2026-08",'Data (calc)'!$G$2:$G$169,">=0") | G8: =IFERROR(ROUND(AVERAGEIF('Data (calc)'!$I$2:$I$169,"2026-08",'Data (calc)'!$G$2:$G$169),1),0) | H8: =IFERROR(ROUND(AVERAGEIF('Data (calc)'!$I$2:$I$169,"2026-08",'Data (calc)'!$H$2:$H$169),1),0) | I8: =IFERROR(COUNTIFS('Data (calc)'!$I$2:$I$169,"2026-08",'Data (calc)'!$G$2:$G$169,"<24")/COUNTIFS('Data (calc)'!$I$2:$I$169,"2026-08",'Data (calc)'!$G$2:$G$169,">=0"),0)
A9: Pending (TO DO) today | B9: =COUNTIF('Data (calc)'!$B$2:$B$169,"TO DO") | D9: TOTAL | E9: =SUM(E6:E8) | F9: =SUM(F6:F8) | G9: =IFERROR(ROUND(AVERAGEIFS('Data (calc)'!$G$2:$G$169,'Data (calc)'!$I$2:$I$169,">=2026-06"),1),0) | H9: =IFERROR(ROUND(AVERAGEIFS('Data (calc)'!$H$2:$H$169,'Data (calc)'!$I$2:$I$169,">=2026-06"),1),0) | I9: =IFERROR(COUNTIFS('Data (calc)'!$I$2:$I$169,">=2026-06",'Data (calc)'!$G$2:$G$169,"<24")/COUNTIFS('Data (calc)'!$I$2:$I$169,">=2026-06",'Data (calc)'!$G$2:$G$169,">=0"),0)
A10: In progress (WORKING) today | B10: =COUNTIF('Data (calc)'!$B$2:$B$169,"WORKING")
A15: RESOLUTION TIME DISTRIBUTION — Aug - 26 | D15: RESOLUTION TIME BY PRIORITY — Aug - 26
A16: Range | B16: # Tasks | C16: % of total | D16: Priority | E16: # Tasks | F16: % of total | G16: Avg. days | H16: % same day
A17: Same day (< 24 h) | B17: =COUNTIFS('Data (calc)'!$I$2:$I$169,"2026-08",'Data (calc)'!$G$2:$G$169,"<24") | C17: =IFERROR(B17/COUNTIFS('Data (calc)'!$I$2:$I$169,"2026-08",'Data (calc)'!$G$2:$G$169,">=0"),0) | D17: URGENT | E17: =COUNTIFS('Data (calc)'!$C$2:$C$169,"URGENT",'Data (calc)'!$I$2:$I$169,"2026-08",'Data (calc)'!$G$2:$G$169,">=0") | F17: =IFERROR(COUNTIFS('Data (calc)'!$C$2:$C$169,"URGENT",'Data (calc)'!$I$2:$I$169,"2026-08",'Data (calc)'!$G$2:$G$169,">=0")/COUNTIFS('Data (calc)'!$I$2:$I$169,"2026-08",'Data (calc)'!$G$2:$G$169,">=0"),0) | G17: =IFERROR(ROUND(AVERAGEIFS('Data (calc)'!$H$2:$H$169,'Data (calc)'!$C$2:$C$169,"URGENT",'Data (calc)'!$I$2:$I$169,"2026-08"),1),0) | H17: =IFERROR(COUNTIFS('Data (calc)'!$C$2:$C$169,"URGENT",'Data (calc)'!$I$2:$I$169,"2026-08",'Data (calc)'!$G$2:$G$169,"<24")/COUNTIFS('Data (calc)'!$C$2:$C$169,"URGENT",'Data (calc)'!$I$2:$I$169,"2026-08",'Data (calc)'!$G$2:$G$169,">=0"),0)
A18: 1 – 2 days | B18: =COUNTIFS('Data (calc)'!$I$2:$I$169,"2026-08",'Data (calc)'!$G$2:$G$169,">=24",'Data (calc)'!$G$2:$G$169,"<48") | C18: =IFERROR(B18/COUNTIFS('Data (calc)'!$I$2:$I$169,"2026-08",'Data (calc)'!$G$2:$G$169,">=0"),0) | D18: HIGH PRIORITY | E18: =COUNTIFS('Data (calc)'!$C$2:$C$169,"HIGH PRIORITY",'Data (calc)'!$I$2:$I$169,"2026-08",'Data (calc)'!$G$2:$G$169,">=0") | F18: =IFERROR(COUNTIFS('Data (calc)'!$C$2:$C$169,"HIGH PRIORITY",'Data (calc)'!$I$2:$I$169,"2026-08",'Data (calc)'!$G$2:$G$169,">=0")/COUNTIFS('Data (calc)'!$I$2:$I$169,"2026-08",'Data (calc)'!$G$2:$G$169,">=0"),0) | G18: =IFERROR(ROUND(AVERAGEIFS('Data (calc)'!$H$2:$H$169,'Data (calc)'!$C$2:$C$169,"HIGH PRIORITY",'Data (calc)'!$I$2:$I$169,"2026-08"),1),0) | H18: =IFERROR(COUNTIFS('Data (calc)'!$C$2:$C$169,"HIGH PRIORITY",'Data (calc)'!$I$2:$I$169,"2026-08",'Data (calc)'!$G$2:$G$169,"<24")/COUNTIFS('Data (calc)'!$C$2:$C$169,"HIGH PRIORITY",'Data (calc)'!$I$2:$I$169,"2026-08",'Data (calc)'!$G$2:$G$169,">=0"),0)
A19: 2 – 4 days | B19: =COUNTIFS('Data (calc)'!$I$2:$I$169,"2026-08",'Data (calc)'!$G$2:$G$169,">=48",'Data (calc)'!$G$2:$G$169,"<96") | C19: =IFERROR(B19/COUNTIFS('Data (calc)'!$I$2:$I$169,"2026-08",'Data (calc)'!$G$2:$G$169,">=0"),0) | D19: NORMAL | E19: =COUNTIFS('Data (calc)'!$C$2:$C$169,"NORMAL",'Data (calc)'!$I$2:$I$169,"2026-08",'Data (calc)'!$G$2:$G$169,">=0") | F19: =IFERROR(COUNTIFS('Data (calc)'!$C$2:$C$169,"NORMAL",'Data (calc)'!$I$2:$I$169,"2026-08",'Data (calc)'!$G$2:$G$169,">=0")/COUNTIFS('Data (calc)'!$I$2:$I$169,"2026-08",'Data (calc)'!$G$2:$G$169,">=0"),0) | G19: =IFERROR(ROUND(AVERAGEIFS('Data (calc)'!$H$2:$H$169,'Data (calc)'!$C$2:$C$169,"NORMAL",'Data (calc)'!$I$2:$I$169,"2026-08"),1),0) | H19: =IFERROR(COUNTIFS('Data (calc)'!$C$2:$C$169,"NORMAL",'Data (calc)'!$I$2:$I$169,"2026-08",'Data (calc)'!$G$2:$G$169,"<24")/COUNTIFS('Data (calc)'!$C$2:$C$169,"NORMAL",'Data (calc)'!$I$2:$I$169,"2026-08",'Data (calc)'!$G$2:$G$169,">=0"),0)
A20: 4 – 7 days | B20: =COUNTIFS('Data (calc)'!$I$2:$I$169,"2026-08",'Data (calc)'!$G$2:$G$169,">=96",'Data (calc)'!$G$2:$G$169,"<168") | C20: =IFERROR(B20/COUNTIFS('Data (calc)'!$I$2:$I$169,"2026-08",'Data (calc)'!$G$2:$G$169,">=0"),0) | D20: TOTAL | E20: =COUNTIFS('Data (calc)'!$I$2:$I$169,"2026-08",'Data (calc)'!$G$2:$G$169,">=0") | F20: 100% | G20: =IFERROR(ROUND(AVERAGEIF('Data (calc)'!$I$2:$I$169,"2026-08",'Data (calc)'!$H$2:$H$169),1),0) | H20: =IFERROR(COUNTIFS('Data (calc)'!$I$2:$I$169,"2026-08",'Data (calc)'!$G$2:$G$169,"<24")/COUNTIFS('Data (calc)'!$I$2:$I$169,"2026-08",'Data (calc)'!$G$2:$G$169,">=0"),0)
A21: More than 7 days | B21: =COUNTIFS('Data (calc)'!$I$2:$I$169,"2026-08",'Data (calc)'!$G$2:$G$169,">=168") | C21: =IFERROR(B21/COUNTIFS('Data (calc)'!$I$2:$I$169,"2026-08",'Data (calc)'!$G$2:$G$169,">=0"),0)
A22: TOTAL | B22: =SUM(B17:B21) | C22: =IFERROR(B22/COUNTIFS('Data (calc)'!$I$2:$I$169,"2026-08",'Data (calc)'!$G$2:$G$169,">=0"),0)

Sheet Data (calc)
A1: Invoice Number | B1: Status | C1: Priority | D1: Assigned by | E1: Created At | F1: Completed At | G1: Resolution (hrs) | H1: Resolution (days) | I1: Month (created) | J1: Days open
A2: INV00021679 | B2: TO DO | C2: NORMAL | D2: Raúl Pérez | E2: 46243.956 | I2: 2026-08 | J2: 24
A3: INV00024992 | B3: DONE | C3: NORMAL | D3: Fernando Anaya | E3: 46252.644 | F3: 46252.742 | G3: 2.3 | H3: 0.1 | I3: 2026-08
A4: INV00021985 | B4: DONE | C4: NORMAL | D4: Erika Sorrell | E4: 46247.618 | F4: 46247.852 | G4: 5.6 | H4: 0.2 | I4: 2026-08
A5: INV00021750 | B5: DONE | C5: NORMAL | D5: Fernanda Sánchez | E5: 46230.809 | F5: 46230.863 | G5: 1.3 | H5: 0.1 | I5: 2026-07
A6: 468465 | B6: DONE | C6: NORMAL | D6: Erika Sorrell | E6: 46225.857 | F6: 46227.864 | G6: 48.2 | H6: 2 | I6: 2026-07
A7: 467985 | B7: DONE | C7: NORMAL | D7: Erika Sorrell | E7: 46227.807 | F7: 46227.841 | G7: 0.8 | H7: 0 | I7: 2026-07
A8: INV00022406 | B8: DONE | C8: NORMAL | D8: Erika Sorrell | E8: 46226.845 | F8: 46227.829 | G8: 23.6 | H8: 1 | I8: 2026-07
A9: 465369 | B9: DONE | C9: NORMAL | D9: Erika Sorrell | E9: 46224.865 | F9: 46225.777 | G9: 21.9 | H9: 0.9 | I9: 2026-07
A10: INV00022414 | B10: DONE | C10: NORMAL | D10: Fernanda Sánchez | E10: 46225.704 | F10: 46225.729 | G10: 0.6 | H10: 0 | I10: 2026-07
A11: 470131 | B11: DONE | C11: NORMAL | D11: Erika Sorrell | E11: 46224.854 | F11: 46225.72 | G11: 20.8 | H11: 0.9 | I11: 2026-07
A12: INV00020505 | B12: DONE | C12: NORMAL | D12: Erika Sorrell | E12: 46219.85 | F12: 46220.843 | G12: 23.8 | H12: 1 | I12: 2026-07
A13: INV00022115 | B13: DONE | C13: NORMAL | D13: Erika Sorrell | E13: 46218.873 | F13: 46219.761 | G13: 21.3 | H13: 0.9 | I13: 2026-07
A14: 468465 | B14: DONE | C14: NORMAL | D14: Erika Sorrell | E14: 46216.557 | F14: 46216.812 | G14: 6.1 | H14: 0.3 | I14: 2026-07
... A18: 469706 | B18: DONE | C18: HIGH PRIORITY | D18: Asito Chucuan ✨ | E18: 46182.733 | F18: 46183.827 | G18: 26.3 | H18: 1.1 | I18: 2026-06
A19: INV00024918 | B19: TO DO | C19: NORMAL | D19: Erika Sorrell | E19: 46267.52 | I19: 2026-09 | J19: 0
A20: INV00026378 | B20: TO DO | C20: NORMAL | D20: Julieta Partido | E20: 46267.763 | I20: 2026-09 | J20: 0
B21: TO DO | C21: URGENT | D21: Ana Paula De la Vega | E21: 46266.678 | I21: 2026-09 | J21: 1
A22: INV00022230 | B22: TO DO | C22: URGENT | D22: Ana Paula De la Vega | E22: 46266.68 | I22: 2026-09 | J22: 1
A23: INV00027359 | B23: TO DO | C23: URGENT | D23: Ana Paula De la Vega | E23: 46266.711 | I23: 2026-09 | J23: 1
A24: INV00025992 | B24: DONE | C24: NORMAL | D24: Yoseline Pineda | E24: 46265.631 | F24: 46266.077 | G24: 10.7 | H24: 0.4 | I24: 2026-08
A25: 470131 | B25: DONE | C25: NORMAL | D25: Erika Sorrell | E25: 46261.831 | F25: 46262.016 | G25: 4.4 | H25: 0.2 | I25: 2026-08
A26: INV00025969 | B26: DONE | C26: NORMAL | D26: Alberto Mirón 🦅 | E26: 46261.81 | F26: 46262.015 | G26: 4.9 | H26: 0.2 | I26: 2026-08
A27: INV00024074 | B27: DONE | C27: NORMAL | D27: Eduardo Paredes | E27: 46261.771 | F27: 46262.01 | G27: 5.7 | H27: 0.2 | I27: 2026-08
A28: INV00022114 | B28: DONE | C28: NORMAL | D28: Eduardo Paredes | E28: 46261.734 | F28: 46262.006 | G28: 6.5 | H28: 0.3 | I28: 2026-08
A29: INV00022418 | B29: DONE | C29: NORMAL | D29: Eduardo Paredes | E29: 46261.622 | F29: 46261.995 | G29: 8.9 | H29: 0.4 | I29: 2026-08
A30: INV00027122 | B30: DONE | C30: NORMAL | D30: Diana Escobar | E30: 46262.918 | F30: 46263.001 | G30: 2 | H30: 0.1 | I30: 2026-08
A31: INV00024287 | B31: DONE | C31: NORMAL | D31: Diana Escobar | E31: 46261.64 | F31: 46261.998 | G31: 8.6 | H31: 0.4 | I31: 2026-08
A32: INV00021518 | B32: DONE | C32: NORMAL | D32: Roberto Vázquez | E32: 46261.598 | F32: 46261.991 | G32: 9.4 | H32: 0.4 | I32: 2026-08
A33: INV00022167 | B33: DONE | C33: HIGH PRIORITY | D33: Yoseline Pineda | E33: 46248.631 | F33: 46262.994 | G33: 344.7 | H33: 14.4 | I33: 2026-08
A34: INV00025516 | B34: DONE | C34: NORMAL | D34: Roberto Vázquez | E34: 46260.831 | F34: 46262.048 | G34: 29.2 | H34: 1.2 | I34: 2026-08
A35: INV00023001 | B35: DONE | C35: HIGH PRIORITY | D35: Efraín Córdova | E35: 46261.93 | F35: 46262.018 | G35: 2.1 | H35: 0.1 | I35: 2026-08
... A37: INV00022364 | B37: DONE | C37: NORMAL | D37: Erika Sorrell | E37: 46259.607 | F37: 46260.08 | G37: 11.4 | H37: 0.5 | I37: 2026-08
A38: INV00026412 | B38: DONE | C38: NORMAL | E38: 46258.945 | F38: 46258.947 | G38: 0 | H38: 0 | I38: 2026-08
A39: INV00025207 | B39: WORKING | C39: NORMAL | D39: Alberto Mirón 🦅 | E39: 46254.599 | I39: 2026-08 | J39: 13
A40: 470261 | B40: DONE | C40: HIGH PRIORITY | D40: Marco Guadarrama | E40: 46255.823 | F40: 46258.975 | G40: 75.6 | H40: 3.2 | I40: 2026-08
A41: INV00023786 | B41: DONE | C41: NORMAL | D41: Alberto Mirón 🦅 | E41: 46255.844 | F41: 46259.991 | G41: 99.5 | H41: 4.1 | I41: 2026-08
A42: INV00024048 | B42: DONE | C42: NORMAL | E42: 46253.823 | F42: 46254.95 | G42: 27 | H42: 1.1 | I42: 2026-08
A43: INV00025585 | B43: DONE | C43: NORMAL | D43: Fernanda Sánchez | E43: 46252.789 | F43: 46254.948 | G43: 51.8 | H43: 2.2 | I43: 2026-08
A44: INV00025652 | B44: DONE | C44: NORMAL | D44: Alberto Mirón 🦅 | E44: 46252.71 | F44: 46254.946 | G44: 53.7 | H44: 2.2 | I44: 2026-08
A45: INV00022437 | B45: DONE | C45: NORMAL | D45: Roberto Vázquez | E45: 46252.704 | F45: 46254.945 | G45: 53.8 | H45: 2.2 | I45: 2026-08
A46: INV00023570 | B46: DONE | C46: NORMAL | D46: Julieta Partido | E46: 46252.691 | F46: 46252.743 | G46: 1.2 | H46: 0.1 | I46: 2026-08
A47: INV00025674 | B47: DONE | C47: NORMAL | D47: Julieta Partido | E47: 46251.701 | F47: 46251.747 | G47: 1.1 | H47: 0 | I47: 2026-08
A48: INV00023564 | B48: DONE | C48: URGENT | D48: Paolet Ordóñez | E48: 46252.753 | F48: 46254.947 | G48: 52.6 | H48: 2.2 | I48: 2026-08
A49: INV00022697 | B49: DONE | C49: URGENT | D49: Ana Paula De la Vega | E49: 46252.693 | F49: 46254.943 | G49: 54 | H49: 2.3 | I49: 2026-08
A50: 402487 | B50: DONE | C50: NORMAL | D50: Paolet Ordóñez | E50: 46247.568 | F50: 46247.735 | G50: 4 | H50: 0.2 | I50: 2026-08
A51: INV00025767 | B51: DONE | C51: NORMAL | E51: 46247.811 | F51: 46248.557 | G51: 17.9 | H51: 0.7 | I51: 2026-08
A52: 471232 | B52: DONE | C52: NORMAL | D52: Diana Escobar | E52: 46247.671 | F52: 46247.724 | G52: 1.3 | H52: 0.1 | I52: 2026-08
A53: INV00018733 | B53: DONE | C53: URGENT | D53: Yoseline Pineda | E53: 46247.987 | F53: 46248.607 | G53: 14.9 | H53: 0.6 | I53: 2026-08
A54: INV00023636 | B54: DONE | C54: NORMAL | D54: Marco Guadarrama | E54: 46245.769 | F54: 46247.713 | G54: 46.7 | H54: 1.9 | I54: 2026-08
A55: INV00023866 | B55: DONE | C55: NORMAL | D55: Diana Escobar | E55: 46245.649 | F55: 46245.732 | G55: 2 | H55: 0.1 | I55: 2026-08
A56: 471125 | B56: DONE | C56: NORMAL | D56: Diana Escobar | E56: 46244.76 | F56: 46244.867 | G56: 2.6 | H56: 0.1 | I56: 2026-08
A57: INV00024594 | B57: DONE | C57: URGENT | D57: Ana Paula De la Vega | E57: 46245.711 | F57: 46247.675 | G57: 47.1 | H57: 2 | I57: 2026-08
A58: INV00025046 | B58: DONE | C58: URGENT | D58: Ana Paula De la Vega | E58: 46244.729 | F58: 46244.863 | G58: 3.2 | H58: 0.1 | I58: 2026-08
A59: INV00020266 | B59: DONE | C59: NORMAL | D59: Elideth Peña | E59: 46240.631 | F59: 46240.793 | G59: 3.9 | H59: 0.2 | I59: 2026-08
A60: 391536 | B60: DONE | C60: NORMAL | E60: 46240.302 | F60: 46240.835 | G60: 12.8 | H60: 0.5 | I60: 2026-08
A61: INV00022435 | B61: DONE | C61: NORMAL | D61: Eduardo Paredes | E61: 46239.879 | F61: 46248.737 | G61: 212.6 | H61: 8.9 | I61: 2026-08
A62: INV00023708 | B62: DONE | C62: NORMAL | D62: Eduardo Paredes | E62: 46239.884 | F62: 46240.839 | G62: 22.9 | H62: 1 | I62: 2026-08
A63: INV00021549 | B63: DONE | C63: NORMAL | D63: Alejandra Mendoza 🌸 | E63: 46239.835 | F63: 46240.591 | G63: 18.2 | H63: 0.8 | I63: 2026-08
A64: 471283 | B64: DONE | C64: NORMAL | D64: Fernanda Sánchez | E64: 46239.741 | F64: 46239.833 | G64: 2.2 | H64: 0.1 | I64: 2026-08
A65: INV00020925 | B65: DONE | C65: NORMAL | D65: Alejandra Mendoza 🌸 | E65: 46239.792 | F65: 46239.826 | G65: 0.8 | H65: 0 | I65: 2026-08
A66: INV00024782 | B66: DONE | C66: NORMAL | D66: Yoseline Pineda | E66: 46239.739 | F66: 46239.823 | G66: 2 | H66: 0.1 | I66: 2026-08
A67: 470261 | B67: DONE | C67: NORMAL | D67: Marco Guadarrama | E67: 46238.636 | F67: 46238.844 | G67: 5 | H67: 0.2 | I67: 2026-08
A68: INV00022357 | B68: DONE | C68: NORMAL | D68: Marco Guadarrama | E68: 46238.668 | F68: 46238.84 | G68: 4.1 | H68: 0.2 | I68: 2026-08
A69: INV00017915 | B69: DONE | C69: URGENT | D69: Paolet Ordóñez | E69: 46238.759 | F69: 46238.837 | G69: 1.9 | H69: 0.1 | I69: 2026-08
A70: 471080 | B70: DONE | C70: URGENT | D70: Asito Chucuan ✨ | E70: 46238.699 | F70: 46238.835 | G70: 3.3 | H70: 0.1 | I70: 2026-08
A71: INV00024047 | B71: DONE | C71: NORMAL | D71: Yoseline Pineda | E71: 46238.755 | F71: 46238.838 | G71: 2 | H71: 0.1 | I71: 2026-08
A72: QILNEW1945 | B72: DONE | C72: NORMAL | D72: Alejandra Mendoza 🌸 | E72: 46237.64 | F72: 46237.676 | G72: 0.9 | H72: 0 | I72: 2026-08
... A77: INV00024074 | B77: DONE | C77: NORMAL | D77: Eduardo Paredes | E77: 46234.629 | F77: 46234.688 | G77: 1.4 | H77: 0.1 | I77: 2026-07
A78: INV00023791 | B78: WORKING | C78: NORMAL | D78: Yoseline Pineda | E78: 46230.655 | I78: 2026-07 | J78: 37
A79: 466030 | B79: DONE | C79: NORMAL | D79: Roberto Vázquez | E79: 46217.602 | F79: 46232.633 | G79: 360.7 | H79: 15 | I79: 2026-07
A80: INV00022658 | B80: DONE | C80: NORMAL | D80: Yoseline Pineda | E80: 46226.76 | F80: 46237.821 | G80: 265.5 | H80: 11.1 | I80: 2026-07
A81: 471154 | B81: DONE | C81: URGENT | D81: Ana Paula De la Vega | E81: 46233.686 | F81: 46234.703 | G81: 24.4 | H81: 1 | I81: 2026-07
A82: 467465 | B82: DONE | C82: HIGH PRIORITY | D82: Alberto Mirón 🦅 | E82: 46231.835 | F82: 46232.798 | G82: 23.1 | H82: 1 | I82: 2026-07
A83: INV00023889 | B83: DONE | C83: NORMAL | D83: Fernanda Sánchez | E83: 46231.823 | F83: 46232.797 | G83: 23.4 | H83: 1 | I83: 2026-07
A84: INV00024260 | B84: DONE | C84: NORMAL | D84: Fernanda Sánchez | E84: 46231.78 | F84: 46231.817 | G84: 0.9 | H84: 0 | I84: 2026-07
A85: 396156 | B85: DONE | C85: NORMAL | D85: Alejandra Mendoza 🌸 | E85: 46231.569 | F85: 46231.784 | G85: 5.1 | H85: 0.2 | I85: 2026-07
A86: 458598 | B86: DONE | C86: NORMAL | D86: Paolet Ordóñez | E86: 46230.626 | F86: 46230.783 | G86: 3.8 | H86: 0.2 | I86: 2026-07
A87: INV00022548 | B87: DONE | C87: URGENT | D87: Ana Paula De la Vega | E87: 46232.65 | F87: 46232.795 | G87: 3.5 | H87: 0.1 | I87: 2026-07
A88: 470817 | B88: DONE | C88: URGENT | D88: Fernanda Sánchez | E88: 46230.923 | F88: 46231.563 | G88: 15.4 | H88: 0.6 | I88: 2026-07
A89: INV00022114 | B89: DONE | C89: NORMAL | D89: Eduardo Paredes | E89: 46230.839 | F89: 46230.865 | G89: 0.6 | H89: 0 | I89: 2026-07
A90: INV00021661 | B90: DONE | C90: HIGH PRIORITY | D90: Ana Paula De la Vega | E90: 46230.53 | F90: 46230.777 | G90: 5.9 | H90: 0.2 | I90: 2026-07
... A93: 469428 | B93: DONE | C93: NORMAL | D93: Alejandra Mendoza 🌸 | E93: 46227.625 | F93: 46227.839 | G93: 5.1 | H93: 0.2 | I93: 2026-07
A94: INV00023866 | B94: DONE | C94: NORMAL | E94: 46226.634 | F94: 46232.8 | G94: 148 | H94: 6.2 | I94: 2026-07
B95: DONE | C95: NORMAL | E95: 46225.803 | F95: 46226.798 | G95: 23.9 | H95: 1 | I95: 2026-07
A96: 468804 | B96: DONE | C96: NORMAL | D96: Paolet Ordóñez | E96: 46225.708 | F96: 46225.771 | G96: 1.5 | H96: 0.1 | I96: 2026-07
A97: QILNEW2019 | B97: DONE | C97: NORMAL | D97: Alberto Mirón 🦅 | E97: 46225.708 | F97: 46225.741 | G97: 0.8 | H97: 0 | I97: 2026-07
A98: 468711 | B98: DONE | C98: NORMAL | D98: Paolet Ordóñez | E98: 46225.704 | F98: 46225.727 | G98: 0.6 | H98: 0 | I98: 2026-07
A99: INV00020168 | B99: DONE | C99: NORMAL | D99: Alberto Mirón 🦅 | E99: 46224.784 | F99: 46232.807 | G99: 192.5 | H99: 8 | I99: 2026-07
A100: 471182 | B100: DONE | C100: URGENT | D100: Ana Paula De la Vega | E100: 46226.612 | F100: 46232.61 | G100: 143.9 | H100: 6 | I100: 2026-07
A101: INV00023024 | B101: DONE | C101: NORMAL | D101: Marco Guadarrama | E101: 46224.642 | F101: 46224.791 | G101: 3.6 | H101: 0.1 | I101: 2026-07
A102: INV00021914 | B102: DONE | C102: NORMAL | D102: Marco Guadarrama | E102: 46224.641 | F102: 46224.789 | G102: 3.6 | H102: 0.1 | I102: 2026-07
A103: SV540 | B103: WORKING | C103: NORMAL | D103: Israel Illescas | E103: 46223.758 | I103: 2026-07 | J103: 44
A104: INV00020144 | B104: DONE | C104: URGENT | D104: Ana Paula De la Vega | E104: 46224.803 | F104: 46231.622 | G104: 163.7 | H104: 6.8 | I104: 2026-07
A105: INV00020870 | B105: DONE | C105: NORMAL | D105: Eduardo Paredes | E105: 46223.867 | F105: 46223.891 | G105: 0.6 | H105: 0 | I105: 2026-07
A106: INV00022383 | B106: DONE | C106: HIGH PRIORITY | D106: Ana Paula De la Vega | E106: 46223.736 | F106: 46224.806 | G106: 25.7 | H106: 1.1 | I106: 2026-07
A107: INV00021906 | B107: DONE | C107: NORMAL | D107: Paolet Ordóñez | E107: 46220.728 | F107: 46220.885 | G107: 3.8 | H107: 0.2 | I107: 2026-07
A108: INV00017915 | B108: DONE | C108: NORMAL | D108: Paolet Ordóñez | E108: 46220.743 | F108: 46220.878 | G108: 3.3 | H108: 0.1 | I108: 2026-07
A109: INV00020919 | B109: DONE | C109: NORMAL | D109: Yoseline Pineda | E109: 46220.8 | F109: 46220.846 | G109: 1.1 | H109: 0 | I109: 2026-07
A110: INV00022279 | B110: DONE | C110: NORMAL | D110: Alejandra Mendoza 🌸 | E110: 46221.007 | F110: 46223.54 | G110: 60.8 | H110: 2.5 | I110: 2026-07
...

Sheet Open & In Progress
A1: OPEN TASKS — Pending (TO DO) and In Progress (WORKING)
A3: Invoice Number | B3: Status | C3: Priority | D3: Assigned by | E3: Created At | F3: Days open
A4: SV540 | B4: WORKING | C4: NORMAL | D4: Israel Illescas | E4: 46223.758 | F4: 44
A5: INV00023791 | B5: WORKING | C5: NORMAL | D5: Yoseline Pineda | E5: 46230.655 | F5: 37
A6: INV00021679 | B6: TO DO | C6: NORMAL | D6: Raúl Pérez | E6: 46243.956 | F6: 24
A7: INV00025207 | B7: WORKING | C7: NORMAL | D7: Alberto Mirón 🦅 | E7: 46254.599 | F7: 13
A8: INV00022230 | B8: TO DO | C8: URGENT | D8: Ana Paula De la Vega | E8: 46266.68 | F8: 1
B9: TO DO | C9: URGENT | D9: Ana Paula De la Vega | E9: 46266.678 | F9: 1
A10: INV00027359 | B10: TO DO | C10: URGENT | D10: Ana Paula De la Vega | E10: 46266.711 | F10: 1
A11: INV00024918 | B11: TO DO | C11: NORMAL | D11: Erika Sorrell | E11: 46267.52 | F11: 0
A12: INV00026378 | B12: TO DO | C12: NORMAL | D12: Julieta Partido | E12: 46267.763 | F12: 0

Sheet Slow Tasks Aug - 26 (>7d)
A1: Aug - 26 TASKS RESOLVED IN MORE THAN 7 DAYS
A3: Invoice Number | B3: Priority | C3: Assigned by | D3: Created At | E3: Completed At | F3: Resolution days
A4: INV00022167 | B4: HIGH PRIORITY | C4: Yoseline Pineda | D4: 46248.631 | E4: 46262.994 | F4: =(E4-D4)
A5: INV00022435 | B5: NORMAL | C5: Eduardo Paredes | D5: 46239.879 | E5: 46248.737 | F5: =(E5-D5)
